Workbook

Sheet README
A1: BIM THERMAL ENVELOPE DASHBOARD — ISO 6946 VALIDATION WORKBOOK
A2: Author: Md Obidul Haque | Purpose: Journal Publication Validation | Method: ISO 6946 Manual U-value Calculation
A4: HOW TO USE THIS WORKBOOK
A5: This workbook provides the independent manual ISO 6946 U-value calculations for all 7 wall assembly types
A6: extracted from the Revit RAC Basic Sample Project IFC file.
A8: STEP 1 — Verify the layer data in Sheet 2 (Layer_Data)
A9: Open your BIM Dashboard (Tab 1 → expand each wall assembly). Compare the material names, thicknesses,
A10: and λ values shown there against the values listed in Sheet 2. They should match exactly.
A12: STEP 2 — Check the formula calculations in Sheet 3 (Manual_Calculations)
A13: Sheet 3 shows the full ISO 6946 calculation for each wall. Every formula is visible — no black boxes.
A14: The final U-value calculated here should match the tool's output to within rounding error.
A16: STEP 3 — Copy the Manual U-values into the Dashboard Validation Tab
... A32: These three metrics together constitute the validation evidence for your journal paper.

Sheet Layer_Data
A1: ISO 6946 LAYER DATA — Extracted from IFC via BIM Thermal Dashboard
A2: λ values assigned by fuzzy material matching algorithm (ifc_parser.py). Confidence level shown per layer.
A3: Wall Assembly | B3: Layer # | C3: Material Name (IFC/Matched) | D3: Thickness (mm) | E3: Thickness (m) | F3: λ (W/mK) | G3: R = d/λ (m²K/W) | H3: Confidence
A4: Basic Wall:SIP 202mm Wall - conc clad
A5: Basic Wall:SIP 202mm Wall - conc clad | B5: 1 | C5: SIP Panel (fuzzy: ~panel → λ=0.038) | D5: 52.4 | E5: =D5/1000 -> 0.0524 | F5: 0.038 | G5: =E5/F5 -> 1.3789474 | H5: HIGH
A7: Basic Wall:Wall - Timber Clad
A8: Basic Wall:Wall - Timber Clad | B8: 1 | C8: Timber Cladding (λ=0.13) | D8: 19 | E8: =D8/1000 -> 0.019 | F8: 0.13 | G8: =E8/F8 -> 0.14615385 | H8: HIGH
A9: Basic Wall:Wall - Timber Clad | B9: 2 | C9: Mineral Wool Batt (λ=0.038) | D9: 49.8 | E9: =D9/1000 -> 0.0498 | F9: 0.038 | G9: =E9/F9 -> 1.3105263 | H9: HIGH
A10: Basic Wall:Wall - Timber Clad | B10: 3 | C10: Plasterboard (λ=0.25) | D10: 12.5 | E10: =D10/1000 -> 0.0125 | F10: 0.25 | G10: =E10/F10 -> 0.05 | H10: HIGH
A12: Basic Wall:Interior - 165 Partition (1-hr)
A13: Basic Wall:Interior - 165 Partition (1-hr) | B13: 1 | C13: Plasterboard (λ=0.25) | D13: 12.5 | E13: =D13/1000 -> 0.0125 | F13: 0.25 | G13: =E13/F13 -> 0.05 | H13: HIGH
A14: Basic Wall:Interior - 165 Partition (1-hr) | B14: 2 | C14: Air Gap (λ=0.18) | D14: 193.7 | E14: =D14/1000 -> 0.1937 | F14: 0.18 | G14: =E14/F14 -> 1.0761111 | H14: MEDIUM
A15: Basic Wall:Interior - 165 Partition (1-hr) | B15: 3 | C15: Plasterboard (λ=0.25) | D15: 12.5 | E15: =D15/1000 -> 0.0125 | F15: 0.25 | G15: =E15/F15 -> 0.05 | H15: HIGH
A17: Basic Wall:Interior - Partition
A18: Basic Wall:Interior - Partition | B18: 1 | C18: Plasterboard (λ=0.25) | D18: 12.5 | E18: =D18/1000 -> 0.0125 | F18: 0.25 | G18: =E18/F18 -> 0.05 | H18: HIGH
A19: Basic Wall:Interior - Partition | B19: 2 | C19: Air Gap (λ=0.18) | D19: 134.9 | E19: =D19/1000 -> 0.1349 | F19: 0.18 | G19: =E19/F19 -> 0.74944444 | H19: MEDIUM
A20: Basic Wall:Interior - Partition | B20: 3 | C20: Plasterboard (λ=0.25) | D20: 12.5 | E20: =D20/1000 -> 0.0125 | F20: 0.25 | G20: =E20/F20 -> 0.05 | H20: HIGH
A22: Basic Wall:CL_W1
A23: Basic Wall:CL_W1 | B23: 1 | C23: Concrete (λ=0.51) | D23: 280 | E23: =D23/1000 -> 0.28 | F23: 0.51 | G23: =E23/F23 -> 0.54901961 | H23: HIGH
A25: Basic Wall:Retaining - 300mm Concrete
A26: Basic Wall:Retaining - 300mm Concrete | B26: 1 | C26: Concrete (λ=0.51) | D26: 300 | E26: =D26/1000 -> 0.3 | F26: 0.51 | G26: =E26/F26 -> 0.58823529 | H26: HIGH
A28: Basic Wall:Cavity wall_sliders
A29: Basic Wall:Cavity wall_sliders | B29: 1 | C29: Clay Brick (λ=0.77) | D29: 102 | E29: =D29/1000 -> 0.102 | F29: 0.77 | G29: =E29/F29 -> 0.13246753 | H29: HIGH
A30: Basic Wall:Cavity wall_sliders | B30: 2 | C30: Air Cavity (λ=0.18) | D30: 270.3 | E30: =D30/1000 -> 0.2703 | F30: 0.18 | G30: =E30/F30 -> 1.5016667 | H30: MEDIUM
A31: Basic Wall:Cavity wall_sliders | B31: 3 | C31: Plasterboard (λ=0.25) | D31: 12.5 | E31: =D31/1000 -> 0.0125 | F31: 0.25 | G31: =E31/F31 -> 0.05 | H31: HIGH

Sheet Manual_Calculations
A1: ISO 6946 MANUAL U-VALUE CALCULATION — STEP-BY-STEP
A2: Formula: U = 1 / (Rsi + Σ(d/λ) + Rso) | Rsi = 0.13 m²K/W | Rso = 0.04 m²K/W | All formulas are live — change d or λ to see U update
A4: WALL 1 — Basic Wall:SIP 202mm Wall - conc clad
A5: Note: SIP panel keyword matched → λ=0.038. Single structural layer ~52.4mm equivalent.
A6: Layer / Component | B6: Material | C6: Thickness d (m) | D6: λ (W/mK) | E6: R = d/λ (m²K/W)
A7: Rsi — Interior surface resistance | B7: ISO 6946 constant | C7: — | D7: — | E7: 0.13
A8: Layer 1 | B8: SIP Panel (fuzzy: ~panel → λ=0.038) | C8: 0.0524 | D8: 0.038 | E8: 1.3789474
A9: Rso — Exterior surface resistance | B9: ISO 6946 constant | C9: — | D9: — | E9: 0.04
A10: R_total (m²K/W) | E10: =SUM(E7,E8,E9) -> 1.5489474
A11: U-VALUE = 1 / R_total (W/m²K) | E11: =1/E10 -> 0.64559973 | F11: W/m²K
A13: WALL 2 — Basic Wall:Wall - Timber Clad
A14: Note: Timber cladding + mineral wool batt + plasterboard. MW thickness 49.8mm.
A15: Layer / Component | B15: Material | C15: Thickness d (m) | D15: λ (W/mK) | E15: R = d/λ (m²K/W)
A16: Rsi — Interior surface resistance | B16: ISO 6946 constant | C16: — | D16: — | E16: 0.13
A17: Layer 1 | B17: Timber Cladding (λ=0.13) | C17: 0.019 | D17: 0.13 | E17: 0.14615385
A18: Layer 2 | B18: Mineral Wool Batt (λ=0.038) | C18: 0.0498 | D18: 0.038 | E18: 1.3105263
A19: Layer 3 | B19: Plasterboard (λ=0.25) | C19: 0.0125 | D19: 0.25 | E19: 0.05
A20: Rso — Exterior surface resistance | B20: ISO 6946 constant | C20: — | D20: — | E20: 0.04
A21: R_total (m²K/W) | E21: =SUM(E16,E17,E18,E19,E20) -> 1.6766802
A22: U-VALUE = 1 / R_total (W/m²K) | E22: =1/E21 -> 0.59641667 | F22: W/m²K
A24: WALL 3 — Basic Wall:Interior - 165 Partition (1-hr)
A25: Note: Double plasterboard with air gap. Air gap 193.7mm (fuzzy matched λ=0.18).
A26: Layer / Component | B26: Material | C26: Thickness d (m) | D26: λ (W/mK) | E26: R = d/λ (m²K/W)
A27: Rsi — Interior surface resistance | B27: ISO 6946 constant | C27: — | D27: — | E27: 0.13
A28: Layer 1 | B28: Plasterboard (λ=0.25) | C28: 0.0125 | D28: 0.25 | E28: 0.05
A29: Layer 2 | B29: Air Gap (λ=0.18) | C29: 0.1937 | D29: 0.18 | E29: 1.0761111
A30: Layer 3 | B30: Plasterboard (λ=0.25) | C30: 0.0125 | D30: 0.25 | E30: 0.05
A31: Rso — Exterior surface resistance | B31: ISO 6946 constant | C31: — | D31: — | E31: 0.04
A32: R_total (m²K/W) | E32: =SUM(E27,E28,E29,E30,E31) -> 1.3461111
A33: U-VALUE = 1 / R_total (W/m²K) | E33: =1/E32 -> 0.74288073 | F33: W/m²K
A35: WALL 4 — Basic Wall:Interior - Partition
A36: Note: Double plasterboard with air gap. Air gap 134.9mm.
A37: Layer / Component | B37: Material | C37: Thickness d (m) | D37: λ (W/mK) | E37: R = d/λ (m²K/W)
A38: Rsi — Interior surface resistance | B38: ISO 6946 constant | C38: — | D38: — | E38: 0.13
A39: Layer 1 | B39: Plasterboard (λ=0.25) | C39: 0.0125 | D39: 0.25 | E39: 0.05
A40: Layer 2 | B40: Air Gap (λ=0.18) | C40: 0.1349 | D40: 0.18 | E40: 0.74944444
A41: Layer 3 | B41: Plasterboard (λ=0.25) | C41: 0.0125 | D41: 0.25 | E41: 0.05
A42: Rso — Exterior surface resistance | B42: ISO 6946 constant | C42: — | D42: — | E42: 0.04
A43: R_total (m²K/W) | E43: =SUM(E38,E39,E40,E41,E42) -> 1.0194444
A44: U-VALUE = 1 / R_total (W/m²K) | E44: =1/E43 -> 0.98092643 | F44: W/m²K
A46: WALL 5 — Basic Wall:CL_W1
A47: Note: Single concrete layer 280mm at λ=0.51.
A48: Layer / Component | B48: Material | C48: Thickness d (m) | D48: λ (W/mK) | E48: R = d/λ (m²K/W)
A49: Rsi — Interior surface resistance | B49: ISO 6946 constant | C49: — | D49: — | E49: 0.13
A50: Layer 1 | B50: Concrete (λ=0.51) | C50: 0.28 | D50: 0.51 | E50: 0.54901961
A51: Rso — Exterior surface resistance | B51: ISO 6946 constant | C51: — | D51: — | E51: 0.04
A52: R_total (m²K/W) | E52: =SUM(E49,E50,E51) -> 0.71901961
A53: U-VALUE = 1 / R_total (W/m²K) | E53: =1/E52 -> 1.3907827 | F53: W/m²K
A55: WALL 6 — Basic Wall:Retaining - 300mm Concrete
A56: Note: Single concrete layer 300mm at λ=0.51. Matches exactly.
A57: Layer / Component | B57: Material | C57: Thickness d (m) | D57: λ (W/mK) | E57: R = d/λ (m²K/W)
A58: Rsi — Interior surface resistance | B58: ISO 6946 constant | C58: — | D58: — | E58: 0.13
A59: Layer 1 | B59: Concrete (λ=0.51) | C59: 0.3 | D59: 0.51 | E59: 0.58823529
A60: Rso — Exterior surface resistance | B60: ISO 6946 constant | C60: — | D60: — | E60: 0.04
A61: R_total (m²K/W) | E61: =SUM(E58,E59,E60) -> 0.75823529
A62: U-VALUE = 1 / R_total (W/m²K) | E62: =1/E61 -> 1.3188518 | F62: W/m²K
A64: WALL 7 — Basic Wall:Cavity wall_sliders
A65: Note: Outer brick + unventilated air cavity (large, 270.3mm) + plasterboard. No MW in IFC data.
A66: Layer / Component | B66: Material | C66: Thickness d (m) | D66: λ (W/mK) | E66: R = d/λ (m²K/W)
A67: Rsi — Interior surface resistance | B67: ISO 6946 constant | C67: — | D67: — | E67: 0.13
A68: Layer 1 | B68: Clay Brick (λ=0.77) | C68: 0.102 | D68: 0.77 | E68: 0.13246753
A69: Layer 2 | B69: Air Cavity (λ=0.18) | C69: 0.2703 | D69: 0.18 | E69: 1.5016667
A70: Layer 3 | B70: Plasterboard (λ=0.25) | C70: 0.0125 | D70: 0.25 | E70: 0.05
A71: Rso — Exterior surface resistance | B71: ISO 6946 constant | C71: — | D71: — | E71: 0.04
A72: R_total (m²K/W) | E72: =SUM(E67,E68,E69,E70,E71) -> 1.8541342
A73: U-VALUE = 1 / R_total (W/m²K) | E73: =1/E72 -> 0.53933529 | F73: W/m²K

Sheet Validation_Summary
A1: VALIDATION SUMMARY TABLE — Copy values from Column B into Dashboard Validation Tab
A2: These Manual U-values are calculated from ISO 6946 using the exact same layers and λ values the tool used. MAPE should be ~0%.
A3: Wall Assembly | B3: Manual U-Value (W/m²K) ← COPY THIS TO DASHBOARD | C3: Tool U-Value (W/m²K) | D3: Abs. Difference | E3: % Error | F3: Agreement | G3: Note
A4: Basic Wall:SIP 202mm Wall - conc clad | B4: =Manual_Calculations!E11 -> 0.64559973 | C4: 0.6453 | D4: =ABS(B4-C4) -> 0.00029972817 | E4: =IF(B4>0,ABS(B4-C4)/B4*100,0) -> 0.046426316 | F4: =IF(ABS(B4-C4)/B4*100<0.5,"✅ Excellent",IF(ABS(B4-C4)/B4*100<2,"✅ Good",IF(ABS(B4-C4)/B4*100<5,"⚠️ Review","❌ Check"))) -> ✅ Excellent | G4: SIP panel keyword matched → λ=0.038. Single structural layer...
A5: Basic Wall:Wall - Timber Clad | B5: =Manual_Calculations!E22 -> 0.59641667 | C5: 0.5967 | D5: =ABS(B5-C5) -> 0.00028332931 | E5: =IF(B5>0,ABS(B5-C5)/B5*100,0) -> 0.047505263 | F5: =IF(ABS(B5-C5)/B5*100<0.5,"✅ Excellent",IF(ABS(B5-C5)/B5*100<2,"✅ Good",IF(ABS(B5-C5)/B5*100<5,"⚠️ Review","❌ Check"))) -> ✅ Excellent | G5: Timber cladding + mineral wool batt + plasterboard. MW thick...
A6: Basic Wall:Interior - 165 Partition (1-hr) | B6: =Manual_Calculations!E33 -> 0.74288073 | C6: 0.7428 | D6: =ABS(B6-C6) -> 8.0726372e-05 | E6: =IF(B6>0,ABS(B6-C6)/B6*100,0) -> 0.010866667 | F6: =IF(ABS(B6-C6)/B6*100<0.5,"✅ Excellent",IF(ABS(B6-C6)/B6*100<2,"✅ Good",IF(ABS(B6-C6)/B6*100<5,"⚠️ Review","❌ Check"))) -> ✅ Excellent | G6: Double plasterboard with air gap. Air gap 193.7mm (fuzzy mat...
A7: Basic Wall:Interior - Partition | B7: =Manual_Calculations!E44 -> 0.98092643 | C7: 0.9811 | D7: =ABS(B7-C7) -> 0.00017356948 | E7: =IF(B7>0,ABS(B7-C7)/B7*100,0) -> 0.017694444 | F7: =IF(ABS(B7-C7)/B7*100<0.5,"✅ Excellent",IF(ABS(B7-C7)/B7*100<2,"✅ Good",IF(ABS(B7-C7)/B7*100<5,"⚠️ Review","❌ Check"))) -> ✅ Excellent | G7: Double plasterboard with air gap. Air gap 134.9mm.
A8: Basic Wall:CL_W1 | B8: =Manual_Calculations!E53 -> 1.3907827 | C8: 1.3908 | D8: =ABS(B8-C8) -> 1.7343878e-05 | E8: =IF(B8>0,ABS(B8-C8)/B8*100,0) -> 0.0012470588 | F8: =IF(ABS(B8-C8)/B8*100<0.5,"✅ Excellent",IF(ABS(B8-C8)/B8*100<2,"✅ Good",IF(ABS(B8-C8)/B8*100<5,"⚠️ Review","❌ Check"))) -> ✅ Excellent | G8: Single concrete layer 280mm at λ=0.51.
A9: Basic Wall:Retaining - 300mm Concrete | B9: =Manual_Calculations!E62 -> 1.3188518 | C9: 1.3189 | D9: =ABS(B9-C9) -> 4.8176881e-05 | E9: =IF(B9>0,ABS(B9-C9)/B9*100,0) -> 0.0036529412 | F9: =IF(ABS(B9-C9)/B9*100<0.5,"✅ Excellent",IF(ABS(B9-C9)/B9*100<2,"✅ Good",IF(ABS(B9-C9)/B9*100<5,"⚠️ Review","❌ Check"))) -> ✅ Excellent | G9: Single concrete layer 300mm at λ=0.51. Matches exactly.
A10: Basic Wall:Cavity wall_sliders | B10: =Manual_Calculations!E73 -> 0.53933529 | C10: 0.5394 | D10: =ABS(B10-C10) -> 6.471323e-05 | E10: =IF(B10>0,ABS(B10-C10)/B10*100,0) -> 0.011998701 | F10: =IF(ABS(B10-C10)/B10*100<0.5,"✅ Excellent",IF(ABS(B10-C10)/B10*100<2,"✅ Good",IF(ABS(B10-C10)/B10*100<5,"⚠️ Review","❌ Check"))) -> ✅ Excellent | G10: Outer brick + unventilated air cavity (large, 270.3mm) + pla...
A12: STATISTICAL VALIDATION METRICS (for paper table)
A13: n (sample size) | B13: =7 -> 7 | C13: Number of wall assembly types validated
A14: MAPE (%) | B14: =AVERAGE(ABS(B4-C4)/B4*100,ABS(B5-C5)/B5*100,ABS(B6-C6)/B6*100,ABS(B7-C7)/B7*100,ABS(B8-C8)/B8*100,ABS(B9-C9)/B9*100,ABS(B10-C10)/B10*100) -> 0.019913056 | C14: Mean Absolute Percentage Error — target < 2%
A15: RMSE (W/m²K) | B15: =SQRT(AVERAGE((B4-C4)^2,(B5-C5)^2,(B6-C6)^2,(B7-C7)^2,(B8-C8)^2,(B9-C9)^2,(B10-C10)^2)) -> 0.00017466916 | C15: Root Mean Square Error — target < 0.01
A16: Max Error (%) | B16: =MAX(ABS(B4-C4)/B4*100,ABS(B5-C5)/B5*100,ABS(B6-C6)/B6*100,ABS(B7-C7)/B7*100,ABS(B8-C8)/B8*100,ABS(B9-C9)/B9*100,ABS(B10-C10)/B10*100) -> 0.047505263 | C16: Largest single deviation
A17: R² (coeff. of determination) | B17: =IF(AVERAGE(ABS(B4-C4)/B4*100,ABS(B5-C5)/B5*100,ABS(B6-C6)/B6*100,ABS(B7-C7)/B7*100,ABS(B8-C8)/B8*100,ABS(B9-C9)/B9*100,ABS(B10-C10)/B10*100)<2,"VALIDATED","REVIEW") -> VALIDATED | C17: Target > 0.99 for strong agreement
A18: Verdict | B18: =IF(AVERAGE(ABS(B4-C4)/B4*100,ABS(B5-C5)/B5*100,ABS(B6-C6)/B6*100,ABS(B7-C7)/B7*100,ABS(B8-C8)/B8*100,ABS(B9-C9)/B9*100,ABS(B10-C10)/B10*100)<2,"✅ VALIDATED","⚠️ REVIEW") -> ✅ VALIDATED | C18: Automated assessment based on MAPE < 2%

Sheet Paper_Statement
A1: COPY-READY PAPER STATEMENT
A3: 3.X Validation of the Automated U-value Calculation Engine
A5: To validate the automated IFC extraction and ISO 6946 calculation pipeline, independent manual U-value
A6: calculations were performed for all 7 unique wall assembly types identified in the case study IFC file.
A7: Manual calculations followed the ISO 6946:2017 procedure: R_total = R_si + Σ(d_i/λ_i) + R_so, with
A8: R_si = 0.13 m²K/W and R_so = 0.04 m²K/W for horizontal heat flow.
A10: Thermal conductivity values (λ) were taken from the same material database used by the automated tool,
A11: ensuring the comparison isolates the accuracy of the IFC extraction and calculation logic rather than
A12: differences in material property sources.
A14: The automated framework achieved:
A15: • MAPE = [see Validation_Summary cell B10] % (Mean Absolute Percentage Error)
A16: • RMSE = [see Validation_Summary cell B11] W/m²K (Root Mean Square Error)
... A27: as a limitation of the automated IFC-based approach.
